{
  "test/integration/pages/RisksList.js": 1693480575644,
  "test/integration/pages/RisksObjectPage.js": 1693480575644,
  "i18n/i18n.properties": 1693480625239,
  "test/integration/opaTests.qunit.js": 1693480575640,
  "test/integration/FirstJourney.js": 1693480575648,
  "test/testsuite.qunit.js": 1693480575636,
  "xs-app.json": 1693934574146,
  "manifest.json": 1693934574150,
  "Component.js": 1693480575628,
  "Component-dbg.js": 1693480575628,
  "Component.js.map": 1693934580021,
  "test/integration/pages/RisksList-dbg.js": 1693480575644,
  "test/integration/pages/RisksList.js.map": 1693934580018,
  "test/integration/opaTests.qunit-dbg.js": 1693480575640,
  "test/integration/opaTests.qunit.js.map": 1693934580016,
  "test/integration/FirstJourney-dbg.js": 1693480575648,
  "test/integration/FirstJourney.js.map": 1693934580028,
  "test/testsuite.qunit-dbg.js": 1693480575636,
  "test/testsuite.qunit.js.map": 1693934580021,
  "test/integration/pages/RisksObjectPage-dbg.js": 1693480575644,
  "test/integration/pages/RisksObjectPage.js.map": 1693934580020,
  "Component-preload.js": 1693934580133,
  "Component-preload.js.map": 1693934580133,
  "test/integration/opaTests.qunit.html": 1693480575636,
  "test/testsuite.qunit.html": 1693480575632,
  "test/flpSandbox.html": 1693480575632,
  "localService/metadata.xml": 1693480575632,
  "index.html": 1693480575628
}